{
    "gun_violence": {
        "neutral": {
            "mean_of_means": [
                4.633333333333334,
                4.333333333333333,
                4.383333333333333,
                4.6083333333333325,
                4.720833333333334,
                4.760416666666666,
                4.663541666666667,
                4.7484375,
                4.707552083333335,
                4.620442708333333,
                4.626888020833334,
                4.946777343749999
            ],
            "mean_of_iqrs": [
                0.833333333333333,
                0.5833333333333339,
                0.4583333333333339,
                0.3333333333333339,
                0.19791666666666607,
                0.2760416666666661,
                0.4453125,
                0.20572916666666696,
                0.43880208333333304,
                0.572916666666667,
                0.41145833333333304,
                0.2555338541666661
            ]
        },
        "republican": {
            "mean_of_means": [
                2.533333333333333,
                3.233333333333333,
                3.516666666666667,
                3.5416666666666665,
                3.7208333333333337,
                3.8770833333333337,
                3.9385416666666666,
                3.952604166666667,
                3.84296875,
                3.888151041666667,
                3.9940755208333334,
                3.8970377604166666
            ],
            "mean_of_iqrs": [
                0.3333333333333335,
                0.0,
                1.083333333333333,
                0.645833333333333,
                0.7708333333333335,
                0.833333333333333,
                0.2421875000000009,
                0.688802083333333,
                0.6347656249999991,
                0.5999348958333339,
                0.751302083333333,
                1.199869791666666
            ]
        },
        "democrat": {
            "mean_of_means": [
                5.633333333333333,
                5.333333333333333,
                5.466666666666667,
                5.433333333333333,
                5.533333333333333,
                5.4,
                5.533333333333333,
                5.566666666666667,
                5.45,
                5.591666666666667,
                5.5125,
                5.70625
            ],
            "mean_of_iqrs": [
                0.916666666666667,
                0.916666666666667,
                0.6250000000000009,
                0.625,
                0.604166666666667,
                0.33333333333333304,
                0.31770833333333304,
                0.44661458333333304,
                0.5989583333333339,
                0.549479166666667,
                0.5908203125,
                0.46451822916666696
            ]
        }
    }
}