{
    "gun_violence": {
        "neutral": {
            "means": [
                4.941487630208333,
                4.416314019097222,
                4.739366319444445,
                4.765489366319444,
                4.458062065972222,
                4.228732638888889,
                4.800455729166666,
                4.882351345486112,
                4.407335069444445,
                4.821424696180555
            ],
            "iqrs": [
                0.18758138020833304,
                0.31876627604166696,
                0.45442708333333304,
                0.29182942708333215,
                0.466796875,
                0.3177083333333339,
                0.205078125,
                0.19059244791666607,
                0.39453125,
                0.19156901041666696
            ]
        },
        "republican": {
            "means": [
                3.5625813802083335,
                3.685546875,
                3.253634982638889,
                3.7737901475694446,
                3.9042426215277772,
                3.5320638020833335,
                3.8648817274305567,
                3.354248046875,
                3.3121202256944446,
                4.370469835069445
            ],
            "iqrs": [
                0.5904947916666665,
                0.678385416666667,
                0.524088541666667,
                0.623616536458333,
                0.63623046875,
                0.9270833333333339,
                0.941813151041667,
                0.503580729166667,
                1.0283203125,
                1.018391927083334
            ]
        },
        "democrat": {
            "means": [
                5.208306206597222,
                5.071858723958333,
                5.589436848958333,
                5.709689670138888,
                5.293267144097222,
                5.279378255208333,
                5.551812065972222,
                5.6432020399305545,
                5.786729600694444,
                6.0
            ],
            "iqrs": [
                0.3705240885416661,
                0.38248697916666696,
                0.44580078125,
                0.30143229166666696,
                0.260009765625,
                0.22005208333333304,
                0.3102213541666661,
                0.3738606770833339,
                0.4244791666666661,
                0.0
            ]
        }
    }
}