{
    "climate_change": {
        "neutral": {
            "means": [
                4.514594184027778,
                4.4482421875,
                4.602647569444445,
                4.400472005208333,
                4.687744140625,
                4.392035590277778,
                4.457248263888888,
                4.479465060763888,
                4.9879014756944455,
                4.416531032986112
            ],
            "iqrs": [
                0.4876302083333339,
                0.55859375,
                0.41145833333333304,
                0.3229980468750009,
                0.39794921875,
                0.3564453125,
                0.47526041666666696,
                0.28605143229166696,
                0.14453125,
                0.48885091145833304
            ]
        },
        "republican": {
            "means": [
                2.3776312934027777,
                2.5669759114583335,
                2.9002278645833335,
                2.4416775173611107,
                2.7122395833333335,
                2.824842664930556,
                2.523491753472222,
                2.721245659722222,
                2.372395833333333,
                3.032280815972222
            ],
            "iqrs": [
                0.4047037760416665,
                0.4248046875,
                0.12337239583333348,
                0.33251953125,
                0.3255208333333335,
                0.2650553385416665,
                0.3580729166666665,
                0.570963541666667,
                0.604166666666667,
                0.43294270833333304
            ]
        },
        "democrat": {
            "means": [
                6.015625,
                5.580783420138889,
                5.590277777777778,
                5.892578125,
                5.594943576388888,
                5.426323784722221,
                5.901909722222222,
                5.805745442708333,
                6.014756944444444,
                5.697211371527779
            ],
            "iqrs": [
                0.010416666666666075,
                0.3330078125000009,
                0.375,
                0.15364583333333393,
                0.4921875,
                0.41536458333333304,
                0.1875,
                0.30712890625,
                0.026041666666666075,
                0.3056640625
            ]
        }
    }
}