{
    "climate_change": {
        "neutral": {
            "mean_of_means": [
                4.866666666666667,
                4.466666666666667,
                4.4,
                4.483333333333333,
                4.441666666666666,
                4.3875,
                4.477083333333335,
                4.505208333333334,
                4.619270833333334,
                4.609635416666666,
                4.504817708333333,
                4.702408854166667
            ],
            "mean_of_iqrs": [
                0.0,
                1.0,
                0.5833333333333339,
                0.29166666666666696,
                0.3854166666666661,
                0.609375,
                0.7005208333333339,
                0.553385416666667,
                0.18424479166666607,
                0.44694010416666696,
                0.3811848958333339,
                0.20890299479166607
            ]
        },
        "republican": {
            "mean_of_means": [
                2.2666666666666666,
                2.4000000000000004,
                2.583333333333333,
                2.5916666666666663,
                2.5791666666666666,
                2.7729166666666667,
                2.769791666666667,
                2.8515625,
                2.6924479166666666,
                2.662890625,
                2.664778645833333,
                2.9323893229166664
            ],
            "mean_of_iqrs": [
                0.0,
                0.8333333333333335,
                0.5833333333333339,
                0.5625000000000004,
                0.21875000000000044,
                0.30208333333333304,
                0.2578125,
                0.37760416666666696,
                0.3157552083333335,
                0.40104166666666696,
                0.4938151041666665,
                0.7693684895833335
            ]
        },
        "democrat": {
            "mean_of_means": [
                5.833333333333334,
                5.799999999999999,
                5.75,
                5.708333333333333,
                5.7375,
                5.71875,
                5.7593749999999995,
                5.713020833333333,
                5.63984375,
                5.636588541666667,
                5.6849609375,
                6.04248046875
            ],
            "mean_of_iqrs": [
                0.25,
                0.33333333333333304,
                0.4583333333333339,
                0.4583333333333339,
                0.35416666666666696,
                0.36979166666666696,
                0.3671875000000009,
                0.3984375,
                0.5013020833333339,
                0.34993489583333304,
                0.25960286458333304,
                0.4937337239583339
            ]
        }
    }
}