{
    "climate_change": {
        "neutral": {
            "means": [
                5.070665147569444,
                5.328287760416667,
                4.890625,
                4.788275824652778,
                4.87744140625,
                4.891737196180556,
                4.893880208333334,
                4.823594835069445,
                5.117133246527778,
                5.382514105902778
            ],
            "iqrs": [
                0.43058268229166696,
                0.24186197916666696,
                0.09375,
                0.3515625,
                0.2893880208333339,
                0.6272786458333339,
                0.3170572916666661,
                0.734212239583333,
                0.37467447916666696,
                0.44368489583333304
            ]
        },
        "republican": {
            "means": [
                2.935980902777778,
                2.6405436197916665,
                2.654893663194444,
                2.577338324652778,
                2.962890625,
                2.97802734375,
                2.440646701388889,
                2.715549045138889,
                2.6779242621527772,
                2.45654296875
            ],
            "iqrs": [
                0.6145833333333335,
                0.4339192708333335,
                0.3548177083333335,
                0.6754557291666665,
                0.7942708333333335,
                0.39388020833333304,
                0.3828125,
                0.3011067708333335,
                0.3993326822916665,
                0.4619140625
            ]
        },
        "democrat": {
            "means": [
                5.911783854166667,
                5.985243055555556,
                5.992730034722222,
                5.906358506944444,
                5.443060980902779,
                5.835828993055556,
                5.935872395833333,
                5.869303385416667,
                5.522135416666667,
                6.194417317708333
            ],
            "iqrs": [
                0.20247395833333304,
                0.026041666666666075,
                0.14127604166666696,
                0.16796875,
                0.34855143229166696,
                0.3170572916666661,
                0.13736979166666607,
                0.31770833333333304,
                0.3502604166666661,
                0.32535807291666696
            ]
        }
    }
}