{
    "climate_change": {
        "neutral": {
            "mean_of_means": [
                5.3,
                5.133333333333334,
                4.983333333333333,
                4.8916666666666675,
                5.045833333333333,
                4.972916666666666,
                4.9697916666666675,
                4.934895833333334,
                4.917447916666667,
                4.892057291666666,
                4.879361979166667,
                5.1563476562499995
            ],
            "mean_of_iqrs": [
                0.75,
                0.5,
                0.666666666666667,
                0.604166666666667,
                0.20833333333333393,
                0.390625,
                0.4296875000000009,
                0.6210937499999991,
                0.44986979166666696,
                0.36263020833333304,
                0.47119140625,
                0.5719401041666661
            ]
        },
        "republican": {
            "mean_of_means": [
                2.0,
                2.533333333333333,
                2.5166666666666666,
                2.575,
                2.6708333333333334,
                2.6020833333333337,
                2.7510416666666666,
                2.7588541666666666,
                2.94609375,
                2.9397135416666664,
                3.0365234375,
                3.11826171875
            ],
            "mean_of_iqrs": [
                0.0,
                0.6666666666666665,
                0.4583333333333335,
                0.35416666666666696,
                0.39583333333333304,
                0.40104166666666696,
                0.203125,
                0.42838541666666696,
                0.236328125,
                0.19010416666666696,
                0.716796875,
                0.4749348958333335
            ]
        },
        "democrat": {
            "mean_of_means": [
                6.033333333333333,
                5.9,
                5.9,
                5.783333333333333,
                5.775,
                5.8374999999999995,
                5.852083333333335,
                5.8427083333333325,
                5.738020833333334,
                5.769010416666666,
                5.767838541666668,
                6.117252604166667
            ],
            "mean_of_iqrs": [
                0.0,
                0.0,
                0.0,
                0.3333333333333339,
                0.1875000000000009,
                0.22916666666666696,
                0.25,
                0.21484375,
                0.4908854166666661,
                0.6074218749999991,
                0.3994140625000009,
                0.6650390625
            ]
        }
    }
}