{
    "gun_violence": {
        "neutral": {
            "mean_of_means": [
                5.8,
                4.833333333333334,
                4.916666666666666,
                4.925,
                4.895833333333333,
                4.864583333333333,
                4.9156249999999995,
                4.841145833333334,
                4.870572916666666,
                4.851953125,
                5.0259765625,
                4.979654947916666
            ],
            "mean_of_iqrs": [
                0.0,
                0.25,
                0.25,
                0.35416666666666696,
                0.5312499999999991,
                0.3854166666666661,
                0.26302083333333304,
                0.46875,
                0.26302083333333304,
                0.7236328125,
                0.42236328125,
                0.32771809895833304
            ]
        },
        "republican": {
            "mean_of_means": [
                2.4,
                2.666666666666667,
                3.2166666666666672,
                3.375,
                3.554166666666667,
                3.577083333333333,
                3.621875,
                3.4776041666666666,
                3.45546875,
                3.627734375,
                3.8805338541666665,
                3.5069335937499995
            ],
            "mean_of_iqrs": [
                0.0,
                0.9166666666666665,
                1.2499999999999996,
                0.8124999999999996,
                0.6770833333333335,
                0.854166666666667,
                0.39843749999999956,
                0.4296875,
                0.658203125,
                1.0013020833333335,
                0.890625,
                0.931966145833333
            ]
        },
        "democrat": {
            "mean_of_means": [
                5.633333333333333,
                5.499999999999999,
                5.65,
                5.591666666666666,
                5.5125,
                5.55625,
                5.378124999999999,
                5.3557291666666655,
                5.4945312500000005,
                5.397265624999998,
                5.465299479166666,
                5.6993164062499995
            ],
            "mean_of_iqrs": [
                0.0,
                0.916666666666667,
                0.5,
                0.708333333333333,
                0.38541666666666696,
                0.33333333333333304,
                0.25260416666666696,
                0.48177083333333304,
                0.4518229166666661,
                0.6090494791666661,
                0.5011393229166661,
                0.25472005208333304
            ]
        }
    }
}