{
    "gun_violence": {
        "neutral": {
            "means": [
                5.105414496527778,
                5.107449001736111,
                5.272515190972222,
                4.740939670138888,
                4.913764105902778,
                5.020290798611111,
                4.828531901041667,
                4.8955078125,
                4.898166232638888,
                4.984375
            ],
            "iqrs": [
                0.28059895833333304,
                0.1396484375,
                0.4256184895833339,
                0.6328125,
                0.4686686197916661,
                0.24967447916666607,
                0.5888671875,
                0.26204427083333304,
                0.575032552083333,
                0.15104166666666607
            ]
        },
        "republican": {
            "means": [
                4.624376085069445,
                3.3097059461805554,
                3.055501302083334,
                3.3990614149305554,
                2.7406955295138893,
                3.132107204861111,
                3.9116753472222228,
                3.2385253906249996,
                3.0406087239583335,
                3.180853949652778
            ],
            "iqrs": [
                0.4763997395833339,
                0.39908854166666696,
                0.35481770833333304,
                0.985188802083333,
                0.384765625,
                0.6796875,
                1.1953125,
                0.31575520833333304,
                0.33121744791666696,
                1.02587890625
            ]
        },
        "democrat": {
            "means": [
                5.722005208333333,
                5.64404296875,
                5.677897135416667,
                5.568142361111111,
                5.587999131944444,
                4.923909505208333,
                5.750081380208333,
                5.310953776041667,
                5.366048177083333,
                5.643934461805556
            ],
            "iqrs": [
                0.53125,
                0.43359375,
                0.4197591145833339,
                0.7473958333333339,
                0.551432291666667,
                0.5711263020833339,
                0.36279296875,
                0.45540364583333304,
                0.27815755208333304,
                0.46940104166666696
            ]
        }
    }
}