{
    "illegal_immigration": {
        "neutral": {
            "means": [
                4.301920572916667,
                4.508083767361112,
                4.404025607638888,
                4.266004774305555,
                4.272732204861111,
                4.525851779513888,
                4.774766710069444,
                4.308051215277778,
                4.103949652777778,
                4.332221137152778
            ],
            "iqrs": [
                0.3310546875,
                0.4921875,
                0.4720052083333339,
                0.17301432291666607,
                0.25944010416666696,
                0.280517578125,
                0.22648111979166696,
                0.2109375,
                0.16796875,
                0.4949544270833339
            ]
        },
        "republican": {
            "means": [
                2.927490234375,
                3.356689453125,
                3.4788682725694446,
                3.890028211805556,
                3.4392903645833335,
                3.293023003472222,
                3.402316623263889,
                3.446560329861112,
                3.7443305121527772,
                4.4111328125
            ],
            "iqrs": [
                0.19694010416666652,
                0.5039062500000004,
                0.761149088541667,
                0.83251953125,
                0.662109375,
                0.8238932291666665,
                0.992838541666667,
                0.33463541666666696,
                0.656575520833333,
                2.1132812500000004
            ]
        },
        "democrat": {
            "means": [
                4.785319010416667,
                4.852240668402778,
                5.123155381944445,
                4.970513237847222,
                4.911404079861112,
                4.944498697916667,
                5.041395399305555,
                5.041531032986112,
                5.091579861111111,
                4.947916666666667
            ],
            "iqrs": [
                0.23193359375,
                0.28352864583333304,
                0.42903645833333304,
                0.07771809895833304,
                0.2718098958333339,
                0.05094401041666696,
                0.08854166666666696,
                0.08610026041666696,
                0.16015625,
                0.05208333333333304
            ]
        }
    }
}