{
    "illegal_immigration": {
        "neutral": {
            "mean_of_means": [
                4.166666666666666,
                4.533333333333333,
                4.35,
                4.341666666666667,
                4.4208333333333325,
                4.477083333333333,
                4.371875000000001,
                4.385937499999999,
                4.409635416666667,
                4.404817708333333,
                4.352408854166667,
                4.34287109375
            ],
            "mean_of_iqrs": [
                0.25,
                0.8333333333333339,
                0.41666666666666696,
                0.3125,
                0.583333333333333,
                0.635416666666667,
                0.41927083333333304,
                0.38932291666666696,
                0.287109375,
                0.2659505208333339,
                0.2623697916666661,
                0.28678385416666785
            ]
        },
        "republican": {
            "mean_of_means": [
                4.0,
                3.3,
                3.6166666666666663,
                3.5083333333333337,
                3.437499999999999,
                3.5020833333333337,
                3.434375,
                3.450520833333333,
                3.3252604166666666,
                3.3959635416666663,
                3.531315104166667,
                3.965657552083333
            ],
            "mean_of_iqrs": [
                2.0,
                1.4166666666666665,
                0.7916666666666665,
                0.2916666666666665,
                0.39583333333333304,
                0.5208333333333335,
                0.768229166666667,
                0.8541666666666665,
                0.48697916666666696,
                0.322265625,
                0.9694010416666665,
                1.1892089843750004
            ]
        },
        "democrat": {
            "mean_of_means": [
                4.933333333333334,
                4.966666666666667,
                4.883333333333334,
                4.825,
                4.879166666666667,
                5.039583333333333,
                5.086458333333334,
                5.043229166666666,
                4.88828125,
                4.927473958333334,
                4.997070312499999,
                5.1818684895833345
            ],
            "mean_of_iqrs": [
                0.0,
                0.0,
                0.16666666666666607,
                0.2708333333333339,
                0.22916666666666696,
                0.1250000000000009,
                0.10416666666666696,
                0.037760416666666075,
                0.3470052083333339,
                0.23372395833333393,
                0.1435546875000009,
                0.213623046875
            ]
        }
    }
}