{
    "racism": {
        "neutral": {
            "means": [
                4.867458767361112,
                4.756401909722222,
                4.562282986111111,
                4.951416015624999,
                4.907063802083333,
                4.993055555555555,
                5.093044704861111,
                4.583902994791667,
                5.046956380208333,
                4.606418185763888
            ],
            "iqrs": [
                0.44466145833333215,
                0.3645833333333339,
                0.3828125,
                0.16292317708333304,
                0.36263020833333304,
                0.0,
                0.2662760416666661,
                0.622884114583333,
                0.9671223958333339,
                0.38411458333333304
            ]
        },
        "republican": {
            "means": [
                3.211669921875,
                3.545138888888889,
                3.773735894097222,
                4.941677517361112,
                3.442681206597222,
                2.4561089409722223,
                2.7995876736111107,
                4.221299913194444,
                4.084445529513888,
                3.906711154513889
            ],
            "iqrs": [
                1.3011067708333335,
                1.0,
                0.647135416666667,
                0.3095703125,
                1.0082194010416665,
                0.3849283854166665,
                0.3190104166666665,
                1.019856770833333,
                1.7607421874999991,
                1.4389648437500009
            ]
        },
        "democrat": {
            "means": [
                5.833984375,
                5.997395833333335,
                5.336724175347222,
                5.6705457899305545,
                5.273980034722222,
                5.7373046875,
                5.790066189236112,
                5.736382378472222,
                5.954942491319444,
                5.653618706597221
            ],
            "iqrs": [
                0.2649739583333339,
                0.4140625,
                0.48893229166666696,
                0.45060221354166785,
                0.49479166666666696,
                0.3216145833333339,
                0.2001953125,
                0.31005859375,
                0.989095052083333,
                0.5543619791666661
            ]
        }
    }
}