{
    "racism": {
        "neutral": {
            "mean_of_means": [
                4.833333333333333,
                4.8,
                4.733333333333333,
                4.783333333333333,
                4.841666666666666,
                4.870833333333333,
                4.802083333333333,
                4.9677083333333325,
                5.033854166666666,
                4.766927083333334,
                4.816796875,
                4.791731770833334
            ],
            "mean_of_iqrs": [
                0.0,
                0.25,
                0.5,
                0.3750000000000009,
                0.510416666666667,
                0.22916666666666607,
                0.3046875,
                0.20833333333333393,
                0.557291666666667,
                0.588216145833333,
                0.589192708333333,
                1.055501302083333
            ]
        },
        "republican": {
            "mean_of_means": [
                2.8,
                3.4333333333333336,
                3.35,
                3.5916666666666663,
                3.6291666666666664,
                3.614583333333333,
                3.6239583333333334,
                3.8119791666666663,
                3.9559895833333334,
                3.8946614583333337,
                3.9473307291666666,
                4.006998697916666
            ],
            "mean_of_iqrs": [
                0.583333333333333,
                1.5,
                1.0416666666666665,
                0.9375,
                1.5624999999999996,
                1.5885416666666665,
                0.7395833333333335,
                1.020833333333334,
                1.114583333333333,
                1.234700520833333,
                1.2763671875,
                0.9565429687500004
            ]
        },
        "democrat": {
            "mean_of_means": [
                5.7,
                5.666666666666667,
                5.683333333333334,
                5.658333333333333,
                5.612499999999999,
                5.689583333333333,
                5.711458333333333,
                5.822395833333333,
                5.9111979166666675,
                5.6722656250000005,
                5.569466145833333,
                5.684733072916667
            ],
            "mean_of_iqrs": [
                0.916666666666667,
                0.5833333333333339,
                0.4583333333333339,
                0.47916666666666785,
                0.5104166666666661,
                0.38541666666666785,
                0.36197916666666785,
                0.3958333333333339,
                0.18033854166666696,
                0.5579427083333339,
                0.5244140625000009,
                0.45548502604166785
            ]
        }
    }
}