{
    "racism": {
        "neutral": {
            "means": [
                5.106201171875,
                5.041856553819444,
                5.642442491319444,
                5.418267144097221,
                5.369330512152778,
                5.270209418402779,
                5.278374565972222,
                5.022922092013888,
                5.302544487847222,
                5.065375434027778
            ],
            "iqrs": [
                0.529215494791667,
                0.2557779947916661,
                0.2832031250000009,
                0.632161458333333,
                0.567545572916667,
                0.457275390625,
                0.47379557291666696,
                0.8135579427083339,
                0.615234375,
                0.29573567708333304
            ]
        },
        "republican": {
            "means": [
                3.6939561631944446,
                3.0791015625,
                3.6044921875,
                3.8936903211805554,
                2.9355197482638893,
                4.150797526041667,
                3.9698350694444446,
                3.1353352864583326,
                3.9156087239583335,
                2.713351779513889
            ],
            "iqrs": [
                0.8046875,
                0.16471354166666652,
                1.001302083333334,
                1.6175130208333335,
                0.447265625,
                0.533203125,
                0.8873697916666665,
                0.5040690104166665,
                2.02001953125,
                0.43310546875
            ]
        },
        "democrat": {
            "means": [
                5.816270616319444,
                5.944661458333333,
                5.876763237847222,
                5.8900282118055545,
                5.654296875,
                5.713731553819444,
                5.928412543402778,
                5.892225477430556,
                5.805447048611111,
                5.830729166666667
            ],
            "iqrs": [
                0.12939453125,
                0.05208333333333304,
                0.173828125,
                0.16943359375,
                0.602864583333333,
                0.470703125,
                0.2721354166666661,
                0.1875,
                0.5546875,
                0.2864583333333339
            ]
        }
    }
}