{
    "racism": {
        "neutral": {
            "mean_of_means": [
                6.0,
                4.933333333333334,
                5.0,
                5.016666666666667,
                5.008333333333333,
                5.220833333333333,
                5.227083333333333,
                5.263541666666667,
                5.265104166666666,
                5.315885416666666,
                5.357942708333335,
                5.412304687500001
            ],
            "mean_of_iqrs": [
                0.0,
                0.0,
                0.33333333333333215,
                0.22916666666666607,
                0.34375,
                0.2812500000000009,
                0.1875,
                0.41796875,
                0.298828125,
                0.6481119791666679,
                0.5141601562499991,
                0.5046386718750009
            ]
        },
        "republican": {
            "mean_of_means": [
                2.4999999999999996,
                3.3666666666666663,
                3.2666666666666666,
                3.0000000000000004,
                3.25,
                3.2916666666666665,
                3.5125,
                3.70625,
                3.9197916666666672,
                3.9598958333333334,
                4.079947916666667,
                4.256640624999999
            ],
            "mean_of_iqrs": [
                1.0,
                0.25,
                0.8333333333333339,
                0.4583333333333335,
                0.53125,
                0.6979166666666665,
                1.096354166666666,
                0.888020833333333,
                1.3014322916666674,
                1.544270833333334,
                1.573567708333333,
                0.8142903645833339
            ]
        },
        "democrat": {
            "mean_of_means": [
                6.066666666666666,
                5.700000000000001,
                5.716666666666667,
                5.758333333333334,
                5.812500000000001,
                5.789583333333334,
                5.761458333333334,
                5.830729166666667,
                5.815364583333333,
                5.907682291666667,
                5.9205078125,
                5.943587239583334
            ],
            "mean_of_iqrs": [
                0.0,
                0.5833333333333339,
                0.5,
                0.22916666666666696,
                0.20833333333333393,
                0.22395833333333304,
                0.3385416666666661,
                0.23697916666666696,
                0.19270833333333304,
                0.154296875,
                0.19563802083333304,
                0.24104817708333304
            ]
        }
    }
}