{
    "illegal_immigration": {
        "neutral": {
            "mean_of_means": [
                4.5,
                4.133333333333333,
                4.133333333333334,
                4.133333333333334,
                4.083333333333333,
                4.058333333333334,
                4.0458333333333325,
                4.072916666666666,
                4.136458333333333,
                4.134895833333333,
                4.15078125,
                4.208723958333334
            ],
            "mean_of_iqrs": [
                0.8333333333333339,
                0.0,
                0.25,
                0.3125,
                0.16666666666666696,
                0.08333333333333393,
                0.049479166666666075,
                0.08984375,
                0.19010416666666607,
                0.2812500000000009,
                0.29345703125,
                0.29435221354166696
            ]
        },
        "republican": {
            "mean_of_means": [
                2.9999999999999996,
                3.5666666666666664,
                3.5,
                3.4833333333333334,
                3.475,
                3.554166666666667,
                3.5604166666666663,
                3.7302083333333336,
                3.8984375,
                3.8158854166666663,
                3.957942708333333,
                3.8289713541666663
            ],
            "mean_of_iqrs": [
                1.6666666666666665,
                1.583333333333333,
                0.833333333333333,
                0.75,
                0.6458333333333335,
                0.9374999999999996,
                0.9531250000000009,
                1.0351562499999991,
                1.0123697916666665,
                0.5074869791666661,
                0.853515625,
                1.1591796875
            ]
        },
        "democrat": {
            "mean_of_means": [
                4.866666666666666,
                4.866666666666666,
                4.933333333333334,
                4.9,
                5.0,
                4.933333333333334,
                4.966666666666667,
                5.083333333333334,
                4.924999999999999,
                4.945833333333334,
                4.906249999999999,
                5.019791666666667
            ],
            "mean_of_iqrs": [
                0.0,
                0.0,
                0.125,
                0.22916666666666696,
                0.17708333333333304,
                0.15104166666666696,
                0.07552083333333393,
                0.13020833333333304,
                0.3378906250000009,
                0.3037109375000009,
                0.29508463541666696,
                0.1884765625
            ]
        }
    }
}