{
    "illegal_immigration": {
        "neutral": {
            "means": [
                4.136176215277778,
                4.151041666666667,
                4.388753255208333,
                4.0,
                4.249484592013889,
                4.083333333333333,
                4.076388888888888,
                4.268771701388888,
                4.027669270833333,
                4.111111111111112
            ],
            "iqrs": [
                0.16634114583333215,
                0.171875,
                0.23958333333333393,
                0.0,
                0.26920572916666696,
                0.0,
                0.10416666666666696,
                0.24869791666666696,
                0.026041666666666075,
                0.0
            ]
        },
        "republican": {
            "means": [
                3.7242296006944446,
                3.323486328125,
                3.319281684027778,
                3.6327311197916665,
                3.946397569444444,
                4.17822265625,
                4.120035807291666,
                3.3216145833333335,
                3.3121202256944446,
                3.264404296875
            ],
            "iqrs": [
                0.6845703125,
                0.6891276041666661,
                0.728515625,
                1.06591796875,
                1.0859375000000004,
                0.5572916666666661,
                1.457926432291667,
                0.9010416666666665,
                0.18782552083333348,
                0.6785481770833335
            ]
        },
        "democrat": {
            "means": [
                4.92724609375,
                5.015625,
                4.929958767361111,
                4.805528428819444,
                4.850748697916667,
                4.968641493055556,
                4.971381293402778,
                5.004557291666667,
                4.76220703125,
                5.219835069444445
            ],
            "iqrs": [
                0.193359375,
                0.036458333333333925,
                0.166015625,
                0.3190104166666661,
                0.20442708333333393,
                0.3053385416666661,
                0.07731119791666696,
                0.287109375,
                0.32145182291666785,
                0.3430989583333339
            ]
        }
    }
}